<?xml version="1.0" encoding="UTF-8" standalone="yes"?>
<addon id="plugin.video.master"
       name="[COLOR yellow][COLOR  lime]•  [/COLOR] [B]Master[/B][/COLOR]"
       version="A"
       provider-name="SPARROWSproducciones">
  <requires>
    <import addon="xbmc.python" version="2.1.0"/>
	<import addon="script.module.t0mm0.common" version="2.0.0"/>
    <import addon="script.module.beautifulsoup" version="3.2.1"/>
    <import addon="script.module.simple.downloader" version="0.9.4"/>
    <import addon="script.module.beautifulsoup4" />
    <import addon="script.module.simple.downloader" version="0.9.4"/>
    <import addon="script.module.requests" />
    <import addon="script.module.httplib2" />
	<import addon="script.module.liveresolver" version="0.1.24" optional="true"/>
   
    <import addon="script.module.urlresolver" optional="true"/>
    <import addon="script.module.simplejson" /> 
    <import addon="script.common.plugin.cache" version="2.5.2"/>
    <import addon="script.module.metahandler" version="2.5.1"/>
	<import addon="script.module.livestreamer" optional="true"/>
    <import addon="script.module.pyamf" optional="true"/>
  </requires>
  
  <extension point="xbmc.python.pluginsource" library="default.py">
    <provides>video</provides>
  </extension>
  <extension point="xbmc.addon.metadata">
    <summary lang="en">Canal M</summary>
    <description lang="en">[COLOR yellow][B]"NetFree DE SPARROWSproducciones: GESTOR DE INTERCAMBIO DE INFORMACION MULTIMEDIA"[/B][/COLOR]</description>
    <platform>all</platform>
  </extension>
</addon>





