<shortcuts>
	<shortcut>
		<label>15100</label>
		<label2>10502</label2>
		<defaultID>15100</defaultID>
		<icon>resource://resource.images.skinicons.wide/music.png</icon>
		<thumb>$INFO[Window(Home).Property(SkinHelper.AllMusicBackground)]</thumb>
		<action>ActivateWindow(Music,musicdb://,return)</action>
	</shortcut>
	<shortcut>
		<label>19021</label>
		<label2>10502</label2>
		<defaultID>19021</defaultID>
		<icon>resource://resource.images.skinicons.wide/radio.png</icon>
		<thumb />
		<action>ActivateWindow(radiochannels,return)</action>
	</shortcut>
	<shortcut>
		<label>517</label>
		<label2>10502</label2>
		<defaultID>517</defaultID>
		<icon>resource://resource.images.skinicons.wide/defaultmusicplugins.png</icon>
		<thumb />
		<action>ActivateWindow(Music,musicdb://recentlyplayedalbums/,return)</action>
	</shortcut>
	<shortcut>
		<label>359</label>
		<label2>10502</label2>
		<defaultID>359</defaultID>
		<icon>resource://resource.images.skinicons.wide/defaultmusicrecentlyplayed.png</icon>
		<thumb />
		<action>ActivateWindow(Music,musicdb://recentlyaddedalbums/,return)</action>
	</shortcut>
	<shortcut>
		<label>20389</label>
		<label2>10502</label2>
		<defaultID>20389</defaultID>
		<icon>$INFO[Window(Home).Property(SkinHelper.AllMusicVideosBackground)]</icon>
		<thumb />
		<action>ActivateWindow(Videos,videodb://musicvideos/titles/,return)</action>
	</shortcut>
	<shortcut>
		<label>1038</label>
		<label2>10502</label2>
		<defaultID>1038</defaultID>
		<icon>resource://resource.images.skinicons.wide/music.png</icon>
		<thumb />
		<action>ActivateWindow(Music,addons://sources/audio/,return)</action>
	</shortcut>
</shortcuts>
