<?xml version='1.0' encoding='UTF-8'?>
<shortcuts>
	<shortcut>
		<defaultID>AdvancedSettings</defaultID>
		<label>SP</label>
		<label2 />
		<icon>DefaultShortcut.png</icon>
		<thumb />
		<action>PlayMedia("plugin://plugin.program.Splitter/?mode=currentsettings")</action>
	</shortcut>
	<shortcut>
		<defaultID>13012</defaultID>
		<label>13012</label>
		<label2 />
		<icon>common/exit1.png</icon>
		<thumb />
		<action>Quit</action>
	</shortcut>
	<shortcut>
		<defaultID>weather</defaultID>
		<label>12600</label>
		<label2 />
		<icon>$INFO[Skin.String(WeatherFanArtPack.path)]$INFO[Window(Weather).Property(Current.FanartCode)]$VAR[WeatherFanArtExtension]</icon>
		<thumb />
		<action>ActivateWindow(Weather)</action>
	</shortcut>
	<shortcut>
		<defaultID>script.speedtestnet</defaultID>
		<label>Speed Tester</label>
		<label2>Programas</label2>
		<icon>DefaultAddon.png</icon>
		<thumb>image://%2fstorage%2femulated%2f0%2fAndroid%2fdata%2fco.sparrows.netfree%2ffiles%2f.kodi%2faddons%2fscript.speedtestnet%2ficon.png/</thumb>
		<action>RunAddOn(script.speedtestnet)</action>
	</shortcut>
	<shortcut>
		<defaultID>130</defaultID>
		<label>130</label>
		<label2 />
		<icon>resource://resource.images.skinbackgrounds.titanium/systeminfo.jpg</icon>
		<thumb />
		<action>ActivateWindow(systeminfo)</action>
	</shortcut>
	<shortcut>
		<defaultID>20244</defaultID>
		<label>20244</label>
		<label2 />
		<icon>resource://resource.images.skinicons.wide/programs.png</icon>
		<thumb />
		<action>ActivateWindow(10001,androidapp://sources/apps/,return)</action>
	</shortcut>
</shortcuts>
