<?xml version='1.0' encoding='UTF-8'?>
<shortcuts>
	<shortcut>
		<defaultID />
		<label>[COLOR yellow][COLOR  lime]•  [/COLOR] [B]RADIO[/B][/COLOR]</label>
		<label2>Program</label2>
		<icon>DefaultShortcut.png</icon>
		<thumb>image://androidapp%3a%2f%2fsources%2fapps%2ffm.radio.gratis.png/</thumb>
		<action>ActivateWindow(Programs,"plugin://plugin.program.super.favourites/?label=Radio&amp;mode=650&amp;cmd=StartAndroidActivity%28%22fm.radio.gratis%22%29&amp;image=androidapp%3A%2F%2Fsources%2Fapps%2Ffm.radio.gratis.png",return)</action>
	</shortcut>
	<shortcut>
		<defaultID />
		<label>[COLOR yellow][COLOR  lime]•  [/COLOR] [B]CINE[COLOR  lime]-TV [/COLOR][/B][/COLOR]</label>
		<label2>Program</label2>
		<icon>DefaultShortcut.png</icon>
		<thumb>image://androidapp%3a%2f%2fsources%2fapps%2fcom.tv.gt.plus.png/</thumb>
		<action>ActivateWindow(Programs,"plugin://plugin.program.super.favourites/?label=Cine+y+TV&amp;mode=400&amp;path=special%3A%2F%2Fprofile%2Faddon_data%2Fplugin.program.super.favourites%2FSuper+Favourites%2FCine+y+TV&amp;image=androidapp%3A%2F%2Fsources%2Fapps%2Fcom.tv.gt.plus.png&amp;fanart=NULL",return)</action>
	</shortcut>
	<shortcut>
		<defaultID>tv-showshub</defaultID>
		<label>[COLOR yellow][COLOR  lime]•  [/COLOR] [B]VIDEOS[/B][/COLOR]</label>
		<label2>Custom item</label2>
		<icon>$INFO[Window(Home).Property(SkinHelper.AllTvShowsBackground)]</icon>
		<thumb />
		<action>ActivateWindow(3017,return)</action>
	</shortcut>
	<shortcut>
		<defaultID>livetv</defaultID>
		<label>[COLOR yellow][COLOR  lime]•  [/COLOR] [B]CONTROL[/B][/COLOR]</label>
		<label2>Custom item</label2>
		<icon>resource://resource.images.skinicons.wide/livetv.png</icon>
		<thumb />
		<action>ActivateWindow(TVChannels)</action>
	</shortcut>
	<shortcut>
		<defaultID>plugin.video.master</defaultID>
		<label>[COLOR yellow][COLOR  lime]•  [/COLOR] [B]FACE[COLOR  lime]post[/COLOR][/B][/COLOR]</label>
		<label2>Video Add-On</label2>
		<icon>DefaultShortcut.png</icon>
		<thumb>image://%2fstorage%2femulated%2f0%2fAndroid%2fdata%2fco.sparrows.netfree%2ffiles%2f.kodi%2faddons%2fplugin.video.master%2ficon.png/</thumb>
		<action>ActivateWindow(Videos,"plugin://plugin.video.master",return)</action>
	</shortcut>
	<shortcut>
		<defaultID>movieshub</defaultID>
		<label>[COLOR yellow][COLOR  lime]•  [/COLOR] [B]FACE[COLOR  lime]scape[/COLOR][/B][/COLOR]</label>
		<label2>Custom item</label2>
		<icon>$INFO[Window(Home).Property(SkinHelper.AllMoviesBackground)]</icon>
		<thumb />
		<action>ActivateWindow(3018,return)</action>
	</shortcut>
	<shortcut>
		<defaultID>plugin.program.super.favourites</defaultID>
		<label>[COLOR yellow][COLOR  lime]•  [/COLOR] [B]WORK[COLOR  lime]space[/COLOR][/B][/COLOR]</label>
		<label2>Custom item</label2>
		<icon>DefaultShortcut.png</icon>
		<thumb />
		<action>ActivateWindow(Programs,"plugin://plugin.program.super.favourites",return)</action>
	</shortcut>
	<shortcut>
		<defaultID>movies</defaultID>
		<label>[COLOR yellow][COLOR  lime]•  [/COLOR] [B]BLACK[COLOR  lime]board[/COLOR][/B][/COLOR]</label>
		<label2>Custom item</label2>
		<icon>$INFO[Window(Home).Property(SkinHelper.AllMoviesBackground)]</icon>
		<thumb />
		<action>StartAndroidActivity("com.duapps.recorder")</action>
	</shortcut>
	<shortcut>
		<defaultID />
		<label>[B][COLOR yellow][COLOR  lime]•  [/COLOR] SPA[/COLOR][COLOR white]RR[/COLOR][COLOR lime]OWS[/COLOR][/B]</label>
		<label2>Custom item</label2>
		<icon>DefaultShortcut.png</icon>
		<thumb />
		<action>ReloadSkin</action>
	</shortcut>
	<shortcut>
		<defaultID>settings</defaultID>
		<label>10004</label>
		<label2 />
		<icon>DefaultShortcut.png</icon>
		<thumb />
		<action>ActivateWindow(Settings)</action>
	</shortcut>
</shortcuts>
